places_area__row,places_population__row,places_iso__row,places_country__row,places_country__row,places_capital__row,places_continent__row,places_tld__row,places_currency_code__row,places_currency_name__row,places_phone__row,places_postal_code_format__row,places_postal_code_regex__row,places_languages__row,places_neighbours__row
"1,138,910 square kilometres","44,205,293",CO,Colombia,Colombia,Bogota,SA,.co,COP,Peso,57,,,es-CO,EC PE PA BR VE 
14 square kilometres,628,CC,Cocos Islands,Cocos Islands,West Island,AS,.cc,AUD,Dollar,61,,,"ms-CC,en", 
135 square kilometres,"1,500",CX,Christmas Island,Christmas Island,Flying Fish Cove,AS,.cx,AUD,Dollar,61,####,^(\d{4})$,"en,zh,ms-CC", 
"9,596,960 square kilometres","1,330,044,000",CN,China,China,Beijing,AS,.cn,CNY,Yuan Renminbi,86,######,^(\d{6})$,"zh-CN,yue,wuu,dta,ug,za",LA BT TJ KZ MN AF NP MM KG PK KP RU VN IN 
"756,950 square kilometres","16,746,491",CL,Chile,Chile,Santiago,SA,.cl,CLP,Peso,56,#######,^(\d{7})$,es-CL,PE BO AR 
"1,284,000 square kilometres","10,543,464",TD,Chad,Chad,N'Djamena,AF,.td,XAF,Franc,235,,,"fr-TD,ar-TD,sre",NE LY CF SD CM NG 
"622,984 square kilometres","4,844,927",CF,Central African Republic,Central African Republic,Bangui,AF,.cf,XAF,Franc,236,,,"fr-CF,sg,ln,kg",TD SD CD SS CM CG 
262 square kilometres,"44,270",KY,Cayman Islands,Cayman Islands,George Town,NA,.ky,KYD,Dollar,+1-345,,,en-KY, 
"4,033 square kilometres","508,659",CV,Cape Verde,Cape Verde,Praia,AF,.cv,CVE,Escudo,238,####,^(\d{4})$,pt-CV, 
"9,984,670 square kilometres","33,679,000",CA,Canada,Canada,Ottawa,NA,.ca,CAD,Dollar,1,@#@ #@#,^([ABCEGHJKLMNPRSTVXY]\d[ABCEGHJKLMNPRSTVWXYZ]) ?(\d[ABCEGHJKLMNPRSTVWXYZ]\d)$,"en-CA,fr-CA,iu",US 
"475,440 square kilometres","19,294,149",CM,Cameroon,Cameroon,Yaounde,AF,.cm,XAF,Franc,237,,,"en-CM,fr-CM",TD CF GA GQ CG NG 
"181,040 square kilometres","14,453,680",KH,Cambodia,Cambodia,Phnom Penh,AS,.kh,KHR,Riels,855,#####,^(\d{5})$,"km,fr,en",LA TH VN 
"27,830 square kilometres","9,863,117",BI,Burundi,Burundi,Bujumbura,AF,.bi,BIF,Franc,257,,,"fr-BI,rn",TZ CD RW 
"274,200 square kilometres","16,241,811",BF,Burkina Faso,Burkina Faso,Ouagadougou,AF,.bf,XOF,Franc,226,,,fr-BF,NE BJ GH CI TG ML 
"110,910 square kilometres","7,148,785",BG,Bulgaria,Bulgaria,Sofia,EU,.bg,BGN,Lev,359,####,^(\d{4})$,"bg,tr-BG",MK GR RO CS TR RS 
"5,770 square kilometres","395,027",BN,Brunei,Brunei,Bandar Seri Begawan,AS,.bn,BND,Dollar,673,@@####,^([A-Z]{2}\d{4})$,"ms-BN,en-BN",MY 
153 square kilometres,"21,730",VG,British Virgin Islands,British Virgin Islands,Road Town,NA,.vg,USD,Dollar,+1-284,,,en-VG, 
60 square kilometres,"4,000",IO,British Indian Ocean Territory,British Indian Ocean Territory,Diego Garcia,AS,.io,USD,Dollar,246,,,en-IO, 
"8,511,965 square kilometres","201,103,330",BR,Brazil,Brazil,Brasilia,SA,.br,BRL,Real,55,#####-###,^(\d{8})$,"pt-BR,es,en,fr",SR PE BO UY GY PY GF VE CO AR 
49 square kilometres,0,BV,Bouvet Island,Bouvet Island,,AN,.bv,NOK,Krone,,,,, 
"600,370 square kilometres","2,029,307",BW,Botswana,Botswana,Gaborone,AF,.bw,BWP,Pula,267,,,"en-BW,tn-BW",ZW ZA NA 
"51,129 square kilometres","4,590,000",BA,Bosnia and Herzegovina,Bosnia and Herzegovina,Sarajevo,EU,.ba,BAM,Marka,387,#####,^(\d{5})$,"bs,hr-BA,sr-BA",CS HR ME RS 
328 square kilometres,"18,012",BQ,"Bonaire, Saint Eustatius and Saba","Bonaire, Saint Eustatius and Saba",,NA,.bq,USD,Dollar,599,,,"nl,pap,en", 
"1,098,580 square kilometres","9,947,418",BO,Bolivia,Bolivia,Sucre,SA,.bo,BOB,Boliviano,591,,,"es-BO,qu,ay",PE CL PY BR AR 
"47,000 square kilometres","699,847",BT,Bhutan,Bhutan,Thimphu,AS,.bt,BTN,Ngultrum,975,,,dz,CN IN 
53 square kilometres,"65,365",BM,Bermuda,Bermuda,Hamilton,NA,.bm,BMD,Dollar,+1-441,@@ ##,^([A-Z]{2}\d{2})$,"en-BM,pt", 
"112,620 square kilometres","9,056,010",BJ,Benin,Benin,Porto-Novo,AF,.bj,XOF,Franc,229,,,fr-BJ,NE TG BF NG 
"22,966 square kilometres","314,522",BZ,Belize,Belize,Belmopan,NA,.bz,BZD,Dollar,501,,,"en-BZ,es",GT MX 
"30,510 square kilometres","10,403,000",BE,Belgium,Belgium,Brussels,EU,.be,EUR,Euro,32,####,^(\d{4})$,"nl-BE,fr-BE,de-BE",DE NL LU FR 
"207,600 square kilometres","9,685,000",BY,Belarus,Belarus,Minsk,EU,.by,BYR,Ruble,375,######,^(\d{6})$,"be,ru",PL LT UA RU LV 
431 square kilometres,"285,653",BB,Barbados,Barbados,Bridgetown,NA,.bb,BBD,Dollar,+1-246,BB#####,^(?:BB)*(\d{5})$,en-BB, 
"144,000 square kilometres","156,118,464",BD,Bangladesh,Bangladesh,Dhaka,AS,.bd,BDT,Taka,880,####,^(\d{4})$,"bn-BD,en",MM IN 
665 square kilometres,"738,004",BH,Bahrain,Bahrain,Manama,AS,.bh,BHD,Dinar,973,####|###,^(\d{3}\d?)$,"ar-BH,en,fa,ur", 
"13,940 square kilometres","301,790",BS,Bahamas,Bahamas,Nassau,NA,.bs,BSD,Dollar,+1-242,,,en-BS, 
"86,600 square kilometres","8,303,512",AZ,Azerbaijan,Azerbaijan,Baku,AS,.az,AZN,Manat,994,AZ ####,^(?:AZ)*(\d{4})$,"az,ru,hy",GE IR AM TR RU 
"83,858 square kilometres","8,205,000",AT,Austria,Austria,Vienna,EU,.at,EUR,Euro,43,####,^(\d{4})$,"de-AT,hr,hu,sl",CH DE HU SK CZ IT SI LI 
"7,686,850 square kilometres","21,515,754",AU,Australia,Australia,Canberra,OC,.au,AUD,Dollar,61,####,^(\d{4})$,en-AU, 
193 square kilometres,"71,566",AW,Aruba,Aruba,Oranjestad,NA,.aw,AWG,Guilder,297,,,"nl-AW,es,en", 
"29,800 square kilometres","2,968,000",AM,Armenia,Armenia,Yerevan,AS,.am,AMD,Dram,374,######,^(\d{6})$,hy,GE IR AZ TR 
"2,766,890 square kilometres","41,343,201",AR,Argentina,Argentina,Buenos Aires,SA,.ar,ARS,Peso,54,@####@@@,^([A-Z]\d{4}[A-Z]{3})$,"es-AR,en,it,de,fr,gn",CL BO UY PY BR 
443 square kilometres,"86,754",AG,Antigua and Barbuda,Antigua and Barbuda,St. John's,NA,.ag,XCD,Dollar,+1-268,,,en-AG, 
"14,000,000 square kilometres",0,AQ,Antarctica,Antarctica,,AN,.aq,,,,,,, 
102 square kilometres,"13,254",AI,Anguilla,Anguilla,The Valley,NA,.ai,XCD,Dollar,+1-264,,,en-AI, 
"1,246,700 square kilometres","13,068,161",AO,Angola,Angola,Luanda,AF,.ao,AOA,Kwanza,244,,,pt-AO,CD NA ZM CG 
468 square kilometres,"84,000",AD,Andorra,Andorra,Andorra la Vella,EU,.ad,EUR,Euro,376,AD###,^(?:AD)*(\d{3})$,ca,ES FR 
199 square kilometres,"57,881",AS,American Samoa,American Samoa,Pago Pago,OC,.as,USD,Dollar,+1-684,,,"en-AS,sm,to", 
"2,381,740 square kilometres","34,586,184",DZ,Algeria,Algeria,Algiers,AF,.dz,DZD,Dinar,213,#####,^(\d{5})$,ar-DZ,NE EH LY MR TN MA ML 
"28,748 square kilometres","2,986,952",AL,Albania,Albania,Tirana,EU,.al,ALL,Lek,355,,,"sq,el",MK GR CS ME RS XK 
"1,580 square kilometres","26,711",AX,Aland Islands,Aland Islands,Mariehamn,EU,.ax,EUR,Euro,+358-18,#####,^(?:FI)*(\d{5})$,sv-AX, 
"647,500 square kilometres","29,121,286",AF,Afghanistan,Afghanistan,Kabul,AS,.af,AFN,Afghani,93,,,"fa-AF,ps,uz-AF,tk",TM CN IR TJ PK UZ 
